{
    "t": {
        "precision": 0.39669421487603307,
        "recall": 0.4549763033175355,
        "f1": 0.423841059602649
    },
    "n": {
        "precision": 0.7024793388429752,
        "recall": 0.7024793388429752,
        "f1": 0.7024793388429752
    },
    "m": {
        "precision": 0.6859504132231405,
        "recall": 0.7942583732057417,
        "f1": 0.7361419068736141
    }
}