{
    "t": {
        "precision": 0.6419753086419753,
        "recall": 0.7358490566037735,
        "f1": 0.6857142857142857
    },
    "n": {
        "precision": 0.3868312757201646,
        "recall": 0.3868312757201646,
        "f1": 0.3868312757201646
    },
    "m": {
        "precision": 0.0,
        "recall": 0.0,
        "f1": 0.0
    }
}