{
    "precision": 0.47335905720700616,
    "recall": 0.45195397015853533,
    "f1": 0.45351185380940273
}