{
    "precision": 0.420632340092682,
    "recall": 0.46897271672833873,
    "f1": 0.43326904102652475
}