{
    "precision": 0.12286689419795221,
    "recall": 0.21951219512195122,
    "f1": 0.15754923413566738,
    "total_tp": 36,
    "total_fp": 257,
    "total_fn": 128
}