{
    "precision": 0.006183745583038869,
    "recall": 0.042682926829268296,
    "f1": 0.010802469135802469,
    "total_tp": 7,
    "total_fp": 1125,
    "total_fn": 157
}