{
    "precision": 0.35771708607677805,
    "recall": 0.22856220160643392,
    "f1": 0.25119500675682227
}