{
    "precision": 0.21480354874579807,
    "recall": 0.23447144076956725,
    "f1": 0.16801954058182783
}