{
  "_precision": 0.06976193709862052,
  "recall": 0.039291465944049336,
  "_f1": 0.04391531038502592
}