{
  "_precision": 0.09487299009089895,
  "recall": 0.12452317750426264,
  "_f1": 0.0637856263927558
}