{
    "precision": 0.7452654533920304,
    "recall": 0.44686396063472866,
    "f1": 0.5496908245853318
}