{
    "precision": 0.6105196649141773,
    "recall": 0.3966908968811972,
    "f1": 0.46976402218313995
}