{
    "precision": 0.417910447761194,
    "recall": 0.6614173228346457,
    "f1": 0.5121951219512195,
    "total_tp": 84,
    "total_fp": 117,
    "total_fn": 43
}