{
    "precision": 0.3593073593073593,
    "recall": 0.6535433070866141,
    "f1": 0.46368715083798884,
    "total_tp": 83,
    "total_fp": 148,
    "total_fn": 44
}