{
    "precision": 0.26580557443915703,
    "recall": 0.44130925507900676,
    "f1": 0.3317776834959695,
    "total_tp": 391,
    "total_fp": 1080,
    "total_fn": 495
}