{
    "precision": 0.32063975628332064,
    "recall": 0.4751693002257336,
    "f1": 0.3829013187812642,
    "total_tp": 421,
    "total_fp": 892,
    "total_fn": 465
}