{
    "precision": 0.5754716981132075,
    "recall": 0.10382978723404256,
    "f1": 0.17591925018024515,
    "total_tp": 122,
    "total_fp": 90,
    "total_fn": 1053
}