{
    "precision": 0.06467181467181467,
    "recall": 0.11404255319148936,
    "f1": 0.08253772713273791,
    "total_tp": 134,
    "total_fp": 1938,
    "total_fn": 1041
}