{
    "precision": 0.3388735447014666,
    "recall": 0.39976090030855,
    "f1": 0.3485758314478326
}