{
    "precision": 0.09991131992227639,
    "recall": 0.45473380805651004,
    "f1": 0.15595750999015176
}