{
    "precision": 0.19669924830687588,
    "recall": 0.39262875140269676,
    "f1": 0.2558322835503134
}