{
    "precision": 0.1332585306707925,
    "recall": 0.36060171965181104,
    "f1": 0.19018067383686169
}