{
    "precision": 0.27608695652173915,
    "recall": 0.10808510638297872,
    "f1": 0.15535168195718654,
    "total_tp": 127,
    "total_fp": 333,
    "total_fn": 1048
}