{
    "precision": 0.10620525059665871,
    "recall": 0.07574468085106383,
    "f1": 0.08842523596621957,
    "total_tp": 89,
    "total_fp": 749,
    "total_fn": 1086
}