{
  "_precision": 0.19368578270861,
  "recall": 0.15934469031454962,
  "_f1": 0.1556111980022554
}