{
  "_precision": 0.26445047003766853,
  "recall": 0.18267437924369975,
  "_f1": 0.19133745860359766
}