{
    "precision": 0.4994468494468495,
    "recall": 0.3156907033021115,
    "f1": 0.36526600803854314
}