{
    "precision": 0.3777982952719794,
    "recall": 0.3911868590287709,
    "f1": 0.34273396723063626
}