{
    "accuracy": 0.461,
    "precision": 0.46707193515704154,
    "recall": 0.461,
    "f1": 0.46401610468042276
}