{
    "t": {
        "precision": 0.4256198347107438,
        "recall": 0.4881516587677725,
        "f1": 0.45474613686534215
    },
    "n": {
        "precision": 0.6900826446280992,
        "recall": 0.6900826446280992,
        "f1": 0.6900826446280992
    },
    "m": {
        "precision": 0.640495867768595,
        "recall": 0.7416267942583732,
        "f1": 0.6873614190687362
    }
}