{
    "t": {
        "precision": 0.3950617283950617,
        "recall": 0.4528301886792453,
        "f1": 0.421978021978022
    },
    "n": {
        "precision": 0.6584362139917695,
        "recall": 0.6584362139917695,
        "f1": 0.6584362139917695
    },
    "m": {
        "precision": 0.5596707818930041,
        "recall": 0.6476190476190476,
        "f1": 0.6004415011037527
    }
}