{
    "accuracy": 0.6893106893106893,
    "precision": 0.7040816326530612,
    "recall": 0.6893106893106893,
    "f1": 0.6966178697627461
}