{
  "_precision": 0.16997162839806582,
  "recall": 0.22563249306259492,
  "_f1": 0.17705460663886996
}