{
  "_precision": 0.2537612229579156,
  "recall": 0.310847550342378,
  "_f1": 0.2513299330284012
}