{
    "precision": 0.36443035908113125,
    "recall": 0.29705732807672086,
    "f1": 0.3110419973163032
}