{
    "precision": 0.26070413748640076,
    "recall": 0.12060663357293636,
    "f1": 0.14898806784613955
}