{
    "precision": 0.5409309428126633,
    "recall": 0.32478518983272403,
    "f1": 0.37616408725016215
}