{
    "precision": 0.47942740307732234,
    "recall": 0.33882338780500537,
    "f1": 0.36125928880530006
}