{
    "precision": 0.30154071900220103,
    "recall": 0.3497872340425532,
    "f1": 0.3238770685579196,
    "total_tp": 411,
    "total_fp": 952,
    "total_fn": 764
}