{
    "precision": 0.17643312101910827,
    "recall": 0.23574468085106384,
    "f1": 0.2018214936247723,
    "total_tp": 277,
    "total_fp": 1293,
    "total_fn": 898
}