{
    "t": {
        "precision": 0.3181818181818182,
        "recall": 0.36492890995260663,
        "f1": 0.33995584988962474
    },
    "n": {
        "precision": 0.6074380165289256,
        "recall": 0.6074380165289256,
        "f1": 0.6074380165289256
    },
    "m": {
        "precision": 0.5041322314049587,
        "recall": 0.583732057416268,
        "f1": 0.541019955654102
    }
}