{
    "t": {
        "precision": 0.3004115226337449,
        "recall": 0.3443396226415094,
        "f1": 0.3208791208791209
    },
    "n": {
        "precision": 0.19753086419753085,
        "recall": 0.19753086419753085,
        "f1": 0.19753086419753085
    },
    "m": {
        "precision": 0.14814814814814814,
        "recall": 0.17142857142857143,
        "f1": 0.15894039735099338
    }
}