{
  "_precision": 0.06766601730092527,
  "recall": 0.15612516531481255,
  "_f1": 0.07710067045707421,
  "_accuracy": 0.15612516531481255
}