{
  "_precision": 0.08220586815394149,
  "recall": 0.11626129620636041,
  "_f1": 0.08409698717762108,
  "_accuracy": 0.11626129620636041
}