{
    "precision": 0.38771519673415084,
    "recall": 0.370075686848799,
    "f1": 0.3404913189954453
}