{
    "precision": 0.11773497674636652,
    "recall": 0.5056041151242128,
    "f1": 0.18664124966577839
}