{
  "_precision": 0.14109355076325858,
  "recall": 0.15600641395382783,
  "_f1": 0.11197795394125362,
  "_accuracy": 0.15600641395382783
}