{
  "_precision": 0.1401994737288855,
  "recall": 0.07494452302261634,
  "_f1": 0.07877564025437674,
  "_accuracy": 0.07494452302261634
}