{
    "precision": 0.18820861678004536,
    "recall": 0.5060975609756098,
    "f1": 0.2743801652892562,
    "total_tp": 83,
    "total_fp": 358,
    "total_fn": 81
}