{
    "precision": 0.06927175843694494,
    "recall": 0.23780487804878048,
    "f1": 0.10729023383768914,
    "total_tp": 39,
    "total_fp": 524,
    "total_fn": 125
}