{
    "precision": 0.5329204745871413,
    "recall": 0.3345463567648654,
    "f1": 0.3797024358506785
}