{
    "precision": 0.3653757321812547,
    "recall": 0.4102612582134642,
    "f1": 0.34458524789269246
}