{
    "accuracy": 0.7682317682317682,
    "precision": 0.7682317682317682,
    "recall": 0.7682317682317682,
    "f1": 0.7682317682317682
}