{
    "accuracy": 0.8351648351648352,
    "precision": 0.8351648351648352,
    "recall": 0.8351648351648352,
    "f1": 0.8351648351648352
}