{
    "precision": 0.945054945054945,
    "recall": 0.8958333333333334,
    "f1": 0.9197860962566845
}