{
    "precision": 0.8257142857142857,
    "recall": 1.0,
    "f1": 0.9045383411580594
}