{
    "precision": 0.8892508143322475,
    "recall": 0.9479166666666666,
    "f1": 0.9176470588235294
}