{
  "_precision": 0.08578010948618688,
  "recall": 0.16411548474522908,
  "_f1": 0.08929023976983881,
  "_accuracy": 0.16411548474522908
}