{
  "_precision": 0.06453521196222889,
  "recall": 0.17834610854049662,
  "_f1": 0.06289904774183146,
  "_accuracy": 0.17834610854049662
}