{
    "accuracy": 0.692,
    "precision": 0.6926926926926927,
    "recall": 0.692,
    "f1": 0.6923461730865432
}