{
    "precision": 0.916083916083916,
    "recall": 0.9097222222222222,
    "f1": 0.9128919860627178
}