{
    "precision": 0.18382352941176472,
    "recall": 0.1524390243902439,
    "f1": 0.16666666666666666,
    "total_tp": 25,
    "total_fp": 111,
    "total_fn": 139
}