{
    "precision": 0.01437699680511182,
    "recall": 0.054878048780487805,
    "f1": 0.022784810126582275,
    "total_tp": 9,
    "total_fp": 617,
    "total_fn": 155
}