{
    "precision": 0.4088101735964173,
    "recall": 0.29394892030003505,
    "f1": 0.3239735027160933
}