{
    "precision": 0.3355104542217257,
    "recall": 0.2368528926600772,
    "f1": 0.25794048804925307
}