{
    "precision": 0.40949664190404933,
    "recall": 0.2619645343872914,
    "f1": 0.29420964781736114
}