{
    "precision": 0.21053052503052502,
    "recall": 0.16299207736707738,
    "f1": 0.17084467874198658
}