{
    "accuracy": 0.032,
    "precision": 0.0321285140562249,
    "recall": 0.032,
    "f1": 0.03206412825651302
}