{
  "_precision": 0.5651284017490047,
  "recall": 0.3848769571740409,
  "_f1": 0.4408695940464738
}