{
  "_precision": 0.6548747086247085,
  "recall": 0.4472426550855049,
  "_f1": 0.5122281958442497
}