{
  "_precision": 0.09240024682825528,
  "recall": 0.15708755178158434,
  "_f1": 0.08825721498436634,
  "_accuracy": 0.15708755178158434
}