{
  "_precision": 0.04208225330643833,
  "recall": 0.2399767293158097,
  "_f1": 0.05628065335447934,
  "_accuracy": 0.2399767293158097
}