{
  "_precision": 0.11625709720935233,
  "recall": 0.09037047896206768,
  "_f1": 0.08357460162083466
}