{
  "_precision": 0.1388074691561534,
  "recall": 0.10583363887070778,
  "_f1": 0.08687464166381381
}