{
    "precision": 0.3634643861171773,
    "recall": 0.307323599507831,
    "f1": 0.31596046049140386
}