{
    "precision": 0.31331858539239554,
    "recall": 0.27585309811476966,
    "f1": 0.26936146714161724
}