{
    "precision": 0.9822222222222222,
    "recall": 0.7673611111111112,
    "f1": 0.8615984405458089
}