{
    "precision": 0.9776785714285714,
    "recall": 0.7577854671280276,
    "f1": 0.8538011695906432
}