{
    "precision": 0.34097633136094674,
    "recall": 0.5203160270880361,
    "f1": 0.41197497765862373,
    "total_tp": 461,
    "total_fp": 891,
    "total_fn": 425
}