{
    "precision": 0.2074468085106383,
    "recall": 0.30812641083521447,
    "f1": 0.24795640326975477,
    "total_tp": 273,
    "total_fp": 1043,
    "total_fn": 613
}