{
    "precision": 0.24985239418282268,
    "recall": 0.34018370598076864,
    "f1": 0.2810936749195119
}