{
    "precision": 0.3251940650643467,
    "recall": 0.2764759642036538,
    "f1": 0.29106459662859097
}