{
    "precision": 0.25910720865350684,
    "recall": 0.3493286304325534,
    "f1": 0.290823384888077
}