{
    "precision": 0.24332447391672898,
    "recall": 0.27135182616442133,
    "f1": 0.2495935851047955
}