{
    "precision": 0.4329787234042553,
    "recall": 0.34638297872340423,
    "f1": 0.38486997635933806,
    "total_tp": 407,
    "total_fp": 533,
    "total_fn": 768
}