{
    "precision": 0.2760898282694848,
    "recall": 0.1778723404255319,
    "f1": 0.2163561076604555,
    "total_tp": 209,
    "total_fp": 548,
    "total_fn": 966
}