{
    "precision": 0.6947873888267598,
    "recall": 0.4265007528946076,
    "f1": 0.5131650587997687
}