{
    "precision": 0.6763989639268756,
    "recall": 0.3891241205735557,
    "f1": 0.4686906159773965
}