{
    "precision": 0.3851347954069302,
    "recall": 0.33248391526796256,
    "f1": 0.3468338883230866
}