{
    "precision": 0.263391524454906,
    "recall": 0.26078289990235864,
    "f1": 0.24935033427458142
}