{
    "precision": 0.7448979591836735,
    "recall": 0.5748031496062992,
    "f1": 0.6488888888888888,
    "total_tp": 73,
    "total_fp": 25,
    "total_fn": 54
}