{
    "precision": 0.3673469387755102,
    "recall": 0.4251968503937008,
    "f1": 0.3941605839416058,
    "total_tp": 54,
    "total_fp": 93,
    "total_fn": 73
}