{
  "_precision": 0.12203895572499428,
  "recall": 0.14210064996359542,
  "_f1": 0.11761080843663856
}