{
  "_precision": 0.139080742381077,
  "recall": 0.15478650444101752,
  "_f1": 0.12638897616739708
}