{
    "precision": 0.10459183673469388,
    "recall": 0.5,
    "f1": 0.17299578059071732,
    "total_tp": 82,
    "total_fp": 702,
    "total_fn": 82
}