{
    "precision": 0.11256117455138662,
    "recall": 0.42073170731707316,
    "f1": 0.17760617760617758,
    "total_tp": 69,
    "total_fp": 544,
    "total_fn": 95
}