{
    "precision": 0.9868421052631579,
    "recall": 0.78125,
    "f1": 0.872093023255814
}