{
    "precision": 0.80859375,
    "recall": 0.7162629757785467,
    "f1": 0.7596330275229358
}