{
    "precision": 0.9780701754385965,
    "recall": 0.7743055555555556,
    "f1": 0.8643410852713178
}