{
    "precision": 0.9736842105263158,
    "recall": 0.7681660899653979,
    "f1": 0.8588007736943907
}