{
    "precision": 0.04482099540188237,
    "recall": 0.5770872917931742,
    "f1": 0.08190310015574791
}