{
    "accuracy": 0.606,
    "precision": 0.6096579476861167,
    "recall": 0.606,
    "f1": 0.6078234704112337
}