{
    "t": {
        "precision": 0.4214876033057851,
        "recall": 0.4834123222748815,
        "f1": 0.4503311258278146
    },
    "n": {
        "precision": 0.7644628099173554,
        "recall": 0.7644628099173554,
        "f1": 0.7644628099173554
    },
    "m": {
        "precision": 0.7727272727272727,
        "recall": 0.8947368421052632,
        "f1": 0.8292682926829268
    }
}