{
    "t": {
        "precision": 0.36213991769547327,
        "recall": 0.41509433962264153,
        "f1": 0.3868131868131868
    },
    "n": {
        "precision": 0.7942386831275721,
        "recall": 0.7942386831275721,
        "f1": 0.7942386831275721
    },
    "m": {
        "precision": 0.7242798353909465,
        "recall": 0.8380952380952381,
        "f1": 0.7770419426048565
    }
}