{
  "_precision": 0.6293281085846855,
  "recall": 0.5843841923561512,
  "_f1": 0.5909541974711516
}