{
  "_precision": 0.6351773018648017,
  "recall": 0.5797433198140598,
  "_f1": 0.5908744585601131
}