{
    "precision": 0.6638006272973656,
    "recall": 0.4424073071887492,
    "f1": 0.5181924314869717
}