{
    "precision": 0.5970829453252272,
    "recall": 0.426968055526382,
    "f1": 0.48839202148203653
}