{
    "precision": 0.5567234392991969,
    "recall": 0.37494432805261685,
    "f1": 0.41499379100935885
}