{
    "precision": 0.42127456754940235,
    "recall": 0.39596082417038303,
    "f1": 0.368508357036549
}