{
  "_precision": 0.3366227451319576,
  "recall": 0.5235064599921396,
  "_f1": 0.3366685553645418,
  "_accuracy": 0.5235064599921396
}