{
  "_precision": 0.342642766084762,
  "recall": 0.41359159218439123,
  "_f1": 0.3142872433804985,
  "_accuracy": 0.41359159218439123
}