{
    "accuracy": 0.7842157842157842,
    "precision": 0.7842157842157842,
    "recall": 0.7842157842157842,
    "f1": 0.7842157842157842
}