{
    "accuracy": 0.8431568431568431,
    "precision": 0.8431568431568431,
    "recall": 0.8431568431568431,
    "f1": 0.8431568431568431
}