{
    "precision": 0.3986461026170211,
    "recall": 0.30855137905322205,
    "f1": 0.33663469125144296
}