{
    "precision": 0.3901778837029605,
    "recall": 0.3064875592556631,
    "f1": 0.33171456670119903
}