{
    "t": {
        "precision": 0.5702479338842975,
        "recall": 0.6540284360189573,
        "f1": 0.609271523178808
    },
    "n": {
        "precision": 0.9256198347107438,
        "recall": 0.9256198347107438,
        "f1": 0.9256198347107438
    },
    "m": {
        "precision": 0.8057851239669421,
        "recall": 0.9330143540669856,
        "f1": 0.8647450110864745
    }
}