{
    "t": {
        "precision": 0.6090534979423868,
        "recall": 0.6981132075471698,
        "f1": 0.6505494505494506
    },
    "n": {
        "precision": 0.9259259259259259,
        "recall": 0.9259259259259259,
        "f1": 0.9259259259259259
    },
    "m": {
        "precision": 0.757201646090535,
        "recall": 0.8761904761904762,
        "f1": 0.8123620309050773
    }
}