{
  "_precision": 0.08801791630324009,
  "recall": 0.11000778909808416,
  "_f1": 0.08241031052987563,
  "_accuracy": 0.11000778909808416
}