{
  "_precision": 0.12413315722351904,
  "recall": 0.12547931915578975,
  "_f1": 0.10162557764190777,
  "_accuracy": 0.12547931915578975
}