{
    "precision": 0.32548417843208893,
    "recall": 0.41139454877446524,
    "f1": 0.3531957034307428
}