{
    "precision": 0.1968529494512203,
    "recall": 0.3134368448085621,
    "f1": 0.23518702121076146
}