{
    "precision": 0.6655455096449434,
    "recall": 0.4695886458344868,
    "f1": 0.5430010927683774
}