{
    "precision": 0.5261014907649979,
    "recall": 0.3499244058934132,
    "f1": 0.4035349255520942
}