{
    "precision": 0.3256047958574134,
    "recall": 0.27391362056400215,
    "f1": 0.27589597670968363
}