{
    "precision": 0.28213649000216534,
    "recall": 0.22638246501648585,
    "f1": 0.23050438539935075
}