{
    "precision": 0.3840875295095749,
    "recall": 0.3588289986662874,
    "f1": 0.34630003713186497
}