{
    "precision": 0.11743539139979113,
    "recall": 0.5475719719104526,
    "f1": 0.18880337249105353
}