{
    "precision": 0.2181208053691275,
    "recall": 0.3872340425531915,
    "f1": 0.2790555044464888,
    "total_tp": 455,
    "total_fp": 1631,
    "total_fn": 720
}