{
    "precision": 0.175,
    "recall": 0.3395744680851064,
    "f1": 0.23096960926193924,
    "total_tp": 399,
    "total_fp": 1881,
    "total_fn": 776
}