{
    "accuracy": 0.7802197802197802,
    "precision": 0.7802197802197802,
    "recall": 0.7802197802197802,
    "f1": 0.7802197802197802
}