{
    "accuracy": 0.7212787212787213,
    "precision": 0.7212787212787213,
    "recall": 0.7212787212787213,
    "f1": 0.7212787212787213
}