{
    "precision": 0.24444444444444444,
    "recall": 0.5365853658536586,
    "f1": 0.33587786259541985,
    "total_tp": 88,
    "total_fp": 272,
    "total_fn": 76
}