{
    "precision": 0.33557046979865773,
    "recall": 0.3048780487804878,
    "f1": 0.31948881789137384,
    "total_tp": 50,
    "total_fp": 99,
    "total_fn": 114
}