{
    "precision": 0.7271239243274055,
    "recall": 0.49219274993712414,
    "f1": 0.5792082200716333
}