{
    "precision": 0.5781297513549426,
    "recall": 0.4111336177601351,
    "f1": 0.46811151279179336
}