{
    "precision": 0.9895833333333334,
    "recall": 0.6597222222222222,
    "f1": 0.7916666666666666
}