{
    "accuracy": 0.594,
    "precision": 0.5945945945945946,
    "recall": 0.594,
    "f1": 0.5942971485742872
}