{
    "t": {
        "precision": 0.47107438016528924,
        "recall": 0.5402843601895735,
        "f1": 0.5033112582781457
    },
    "n": {
        "precision": 0.8264462809917356,
        "recall": 0.8264462809917356,
        "f1": 0.8264462809917356
    },
    "m": {
        "precision": 0.768595041322314,
        "recall": 0.8899521531100478,
        "f1": 0.8248337028824834
    }
}