{
    "t": {
        "precision": 0.43621399176954734,
        "recall": 0.5,
        "f1": 0.46593406593406594
    },
    "n": {
        "precision": 0.8065843621399177,
        "recall": 0.8065843621399177,
        "f1": 0.8065843621399177
    },
    "m": {
        "precision": 0.7448559670781894,
        "recall": 0.861904761904762,
        "f1": 0.7991169977924945
    }
}