{
    "precision": 0.3415388001199168,
    "recall": 0.43767439695296884,
    "f1": 0.35939031796424176
}