{
    "precision": 0.20521827645696297,
    "recall": 0.22655066150807213,
    "f1": 0.17021780559311828
}