{
    "precision": 0.4731164458437186,
    "recall": 0.3605052899170546,
    "f1": 0.38697154514275695
}