{
    "precision": 0.34412204024046134,
    "recall": 0.45282543409749293,
    "f1": 0.36875211913300904
}