{
    "precision": 0.32059826082365717,
    "recall": 0.4241764551330803,
    "f1": 0.3445048006686632
}