{
    "precision": 0.32338115357277564,
    "recall": 0.41611701317212313,
    "f1": 0.3412324827021533
}