{
    "precision": 0.21454535910806008,
    "recall": 0.47904958385840735,
    "f1": 0.2771743533840337
}