{
    "t": {
        "precision": 0.36363636363636365,
        "recall": 0.41706161137440756,
        "f1": 0.38852097130242824
    },
    "n": {
        "precision": 0.8347107438016529,
        "recall": 0.8347107438016529,
        "f1": 0.8347107438016529
    },
    "m": {
        "precision": 0.7520661157024794,
        "recall": 0.8708133971291866,
        "f1": 0.8070953436807096
    }
}