{
    "t": {
        "precision": 0.23868312757201646,
        "recall": 0.27358490566037735,
        "f1": 0.2549450549450549
    },
    "n": {
        "precision": 0.8271604938271605,
        "recall": 0.8271604938271605,
        "f1": 0.8271604938271605
    },
    "m": {
        "precision": 0.7818930041152263,
        "recall": 0.9047619047619048,
        "f1": 0.8388520971302428
    }
}