{
    "precision": 0.5432230236321239,
    "recall": 0.4964946770754991,
    "f1": 0.5078481079864511
}