{
    "precision": 0.41396457190440245,
    "recall": 0.3908369238449868,
    "f1": 0.39399356631999316
}