{
  "_precision": 0.3987190291313224,
  "recall": 0.29548973784595606,
  "_f1": 0.2860902513447716,
  "_accuracy": 0.29548973784595606
}