{
  "_precision": 0.3814328808446455,
  "recall": 0.3270004600050238,
  "_f1": 0.2987414132993543,
  "_accuracy": 0.3270004600050238
}